﻿{
	"SampleJsonFilePathAnnotationName": "k8s-support-tools/sample-json-path",
	"JsonSchemaPathAnnotationName": "k8s-support-tools/json-schema-path",
	"DataKeyAnnotationName": "k8s-support-tools/json-data-key",
	"DefaultDataKey": "config.json",
	"LoggingSeverity": "None",
	"YamlFilePattern": "*.y*ml",
	"Behaviors": {
		"MissingAnnotationsBehaviour": "Warn",
		"ResourceDeserializationError": "Warn",
		"MissingJsonDataInConfigMap": "Error",
		"ValidationErrorBehaviors": [
			{
				"ErrorKind": "Unknown",
				"Behavior": "Error"
			},
			{
				"ErrorKind": "StringExpected",
				"Behavior": "Error"
			},
			{
				"ErrorKind": "NumberExpected",
				"Behavior": "Error"
			},
			{
				"ErrorKind": "IntegerExpected",
				"Behavior": "Error"
			},
			{
				"ErrorKind": "BooleanExpected",
				"Behavior": "Error"
			},
			{
				"ErrorKind": "ObjectExpected",
				"Behavior": "Error"
			},
			{
				"ErrorKind": "PropertyRequired",
				"Behavior": "Error"
			},
			{
				"ErrorKind": "ArrayExpected",
				"Behavior": "Error"
			},
			{
				"ErrorKind": "NullExpected",
				"Behavior": "Error"
			},
			{
				"ErrorKind": "PatternMismatch",
				"Behavior": "Error"
			},
			{
				"ErrorKind": "StringTooShort",
				"Behavior": "Error"
			},
			{
				"ErrorKind": "StringTooLong",
				"Behavior": "Error"
			},
			{
				"ErrorKind": "NumberTooSmall",
				"Behavior": "Error"
			},
			{
				"ErrorKind": "NumberTooBig",
				"Behavior": "Error"
			},
			{
				"ErrorKind": "IntegerTooBig",
				"Behavior": "Error"
			},
			{
				"ErrorKind": "TooManyItems",
				"Behavior": "Error"
			},
			{
				"ErrorKind": "TooFewItems",
				"Behavior": "Error"
			},
			{
				"ErrorKind": "ItemsNotUnique",
				"Behavior": "Error"
			},
			{
				"ErrorKind": "DateTimeExpected",
				"Behavior": "Error"
			},
			{
				"ErrorKind": "DateExpected",
				"Behavior": "Error"
			},
			{
				"ErrorKind": "TimeExpected",
				"Behavior": "Error"
			},
			{
				"ErrorKind": "TimeSpanExpected",
				"Behavior": "Error"
			},
			{
				"ErrorKind": "UriExpected",
				"Behavior": "Error"
			},
			{
				"ErrorKind": "IpV4Expected",
				"Behavior": "Error"
			},
			{
				"ErrorKind": "IpV6Expected",
				"Behavior": "Error"
			},
			{
				"ErrorKind": "GuidExpected",
				"Behavior": "Error"
			},
			{
				"ErrorKind": "NotAnyOf",
				"Behavior": "Error"
			},
			{
				"ErrorKind": "NotAllOf",
				"Behavior": "Error"
			},
			{
				"ErrorKind": "NotOneOf",
				"Behavior": "Error"
			},
			{
				"ErrorKind": "ExcludedSchemaValidates",
				"Behavior": "Error"
			},
			{
				"ErrorKind": "NumberNotMultipleOf",
				"Behavior": "Error"
			},
			{
				"ErrorKind": "IntegerNotMultipleOf",
				"Behavior": "Error"
			},
			{
				"ErrorKind": "NotInEnumeration",
				"Behavior": "Error"
			},
			{
				"ErrorKind": "EmailExpected",
				"Behavior": "Error"
			},
			{
				"ErrorKind": "HostnameExpected",
				"Behavior": "Error"
			},
			{
				"ErrorKind": "TooManyItemsInTuple",
				"Behavior": "Error"
			},
			{
				"ErrorKind": "ArrayItemNotValid",
				"Behavior": "Error"
			},
			{
				"ErrorKind": "AdditionalItemNotValid",
				"Behavior": "Error"
			},
			{
				"ErrorKind": "AdditionalPropertiesNotValid",
				"Behavior": "Error"
			},
			{
				"ErrorKind": "NoAdditionalPropertiesAllowed",
				"Behavior": "Error"
			},
			{
				"ErrorKind": "TooManyProperties",
				"Behavior": "Error"
			},
			{
				"ErrorKind": "TooFewProperties",
				"Behavior": "Error"
			},
			{
				"ErrorKind": "Base64Expected",
				"Behavior": "Error"
			},
			{
				"ErrorKind": "NoTypeValidates",
				"Behavior": "Error"
			},
			{
				"ErrorKind": "UuidExpected",
				"Behavior": "Error"
			}
		]
	}
}